CHR,POS,REF,ALT,beta,pval
3,45838013,G,T,0.091562,0.00842712
3,101424458,T,C,-0.051448,0.0355008
3,45864732,T,C,0.22932,9.2729e-07
6,41502683,A,C,0.054772,0.521879
8,125336564,T,C,0.12501,0.271715
9,136149500,C,T,-0.10345,3.90761e-05
12,113357193,G,A,0.001364,0.955523
17,47940666,C,T,0.12697,0.0783554
17,44219831,T,A,-0.038455,0.167898
19,49370609,G,T,-0.0037059,0.901315
19,4719443,G,A,0.061888,0.0131926
19,10427721,T,A,-0.0085096,0.868142
21,34615210,T,C,-0.076077,0.00267421
3,45909024,A,G,0.23465,5.99602e-07
